{"cameraMode":{"drawMode":0,"name":"Shaded","section":"Shading Mode"},"sceneLighting":false,"audioPlay":false,"sceneViewState":{"m_AlwaysRefresh":false,"showFog":true,"showSkybox":true,"showFlares":true,"showImageEffects":true,"showParticleSystems":true,"showVisualEffectGraphs":true,"m_FxEnabled":true},"in2DMode":false,"pivot":{"x":-0.6955223083496094,"y":0.08059024810791016,"z":-1.0611472129821778},"rotation":{"x":0.39902979135513308,"y":0.005058261565864086,"z":-0.0019445039797574282,"w":0.9170626401901245},"size":4.11444616317749,"orthographic":true}