{"cameraMode":{"drawMode":0,"name":"Shaded","section":"Shading Mode"},"sceneLighting":false,"audioPlay":false,"sceneViewState":{"m_AlwaysRefresh":false,"showFog":true,"showSkybox":true,"showFlares":true,"showImageEffects":true,"showParticleSystems":true,"showVisualEffectGraphs":true,"m_FxEnabled":true},"in2DMode":false,"pivot":{"x":4.399600028991699,"y":3.3464365005493166,"z":44.37065505981445},"rotation":{"x":0.13653844594955445,"y":0.12064137309789658,"z":-0.016754772514104844,"w":0.983119785785675},"size":8.183280944824219,"orthographic":true}