{"cameraMode":{"drawMode":0,"name":"Shaded","section":"Shading Mode"},"sceneLighting":false,"audioPlay":false,"sceneViewState":{"m_AlwaysRefresh":false,"showFog":true,"showSkybox":true,"showFlares":true,"showImageEffects":true,"showParticleSystems":true,"showVisualEffectGraphs":true,"m_FxEnabled":true},"in2DMode":false,"pivot":{"x":-17.50302505493164,"y":3.2560853958129885,"z":6.933925628662109},"rotation":{"x":0.03265098109841347,"y":0.27557772397994997,"z":-0.009113255888223648,"w":0.960640549659729},"size":2.9655821323394777,"orthographic":true}