{"cameraMode":{"drawMode":0,"name":"Shaded","section":"Shading Mode"},"sceneLighting":false,"audioPlay":false,"sceneViewState":{"m_AlwaysRefresh":false,"showFog":true,"showSkybox":true,"showFlares":true,"showImageEffects":true,"showParticleSystems":true,"showVisualEffectGraphs":true,"m_FxEnabled":true},"in2DMode":false,"pivot":{"x":2.6730175018310549,"y":4.073990345001221,"z":43.63311004638672},"rotation":{"x":0.026568101719021798,"y":0.6661568880081177,"z":-0.023391984403133394,"w":0.744850218296051},"size":8.382319450378418,"orthographic":true}