{"cameraMode":{"drawMode":0,"name":"Shaded","section":"Shading Mode"},"sceneLighting":false,"audioPlay":false,"sceneViewState":{"m_AlwaysRefresh":false,"showFog":true,"showSkybox":true,"showFlares":true,"showImageEffects":true,"showParticleSystems":true,"showVisualEffectGraphs":true,"m_FxEnabled":true},"in2DMode":false,"pivot":{"x":2.6730175018310549,"y":4.073990345001221,"z":43.63311004638672},"rotation":{"x":0.018387552350759507,"y":-0.7740265130996704,"z":0.02294320985674858,"w":0.6323254704475403},"size":7.675941467285156,"orthographic":true}