{"cameraMode":{"drawMode":0,"name":"Shaded","section":"Shading Mode"},"sceneLighting":false,"audioPlay":false,"sceneViewState":{"m_AlwaysRefresh":false,"showFog":true,"showSkybox":true,"showFlares":true,"showImageEffects":true,"showParticleSystems":true,"showVisualEffectGraphs":true,"m_FxEnabled":true},"in2DMode":false,"pivot":{"x":-4.05544376373291,"y":4.535758018493652,"z":0.5180683135986328},"rotation":{"x":0.02938886359333992,"y":0.03933727368712425,"z":-0.0008925481815822423,"w":0.9987713098526001},"size":2.6668858528137209,"orthographic":true}